listing_id,listing_id_citation,address,address_citation,city,city_citation,state,state_citation,zip_code,zip_code_citation,price,price_citation,bedrooms,bedrooms_citation,bathrooms_citation,square_footage,square_footage_citation,listing_url,listing_url_citation
5506,https://devapi.omnisoft.africa/public/api/v2,"Villa Lomé, Tsevie",https://devapi.omnisoft.africa/public/api/v2,Tsevie,https://devapi.omnisoft.africa/public/api/v2,Togo,https://devapi.omnisoft.africa/public/api/v2,0000,https://devapi.omnisoft.africa/public/api/v2,500,https://devapi.omnisoft.africa/public/api/v2,3,https://devapi.omnisoft.africa/public/api/v2,https://devapi.omnisoft.africa/public/api/v2,120,https://devapi.omnisoft.africa/public/api/v2,https://www.immoask.com/tg/annonce/5506,https://devapi.omnisoft.africa/public/api/v2
5505,https://devapi.omnisoft.africa/public/api/v2,"Baguida, Lome",https://devapi.omnisoft.africa/public/api/v2,Lome,https://devapi.omnisoft.africa/public/api/v2,Baguida,https://devapi.omnisoft.africa/public/api/v2,0000,https://devapi.omnisoft.africa/public/api/v2,70000,https://devapi.omnisoft.africa/public/api/v2,1,https://devapi.omnisoft.africa/public/api/v2,https://devapi.omnisoft.africa/public/api/v2,50,https://devapi.omnisoft.africa/public/api/v2,https://www.immoask.com/tg/annonce/5505,https://devapi.omnisoft.africa/public/api/v2
5504,https://devapi.omnisoft.africa/public/api/v2,"Agoe, Lome",https://devapi.omnisoft.africa/public/api/v2,Lome,https://devapi.omnisoft.africa/public/api/v2,Agoe,https://devapi.omnisoft.africa/public/api/v2,0000,https://devapi.omnisoft.africa/public/api/v2,250000,https://devapi.omnisoft.africa/public/api/v2,3,https://devapi.omnisoft.africa/public/api/v2,https://devapi.omnisoft.africa/public/api/v2,104,https://devapi.omnisoft.africa/public/api/v2,https://www.immoask.com/tg/annonce/5504,https://devapi.omnisoft.africa/public/api/v2
5503,https://devapi.omnisoft.africa/public/api/v2,"Kpomé, Tabligbo",https://devapi.omnisoft.africa/public/api/v2,Tabligbo,https://devapi.omnisoft.africa/public/api/v2,Kpomé,https://devapi.omnisoft.africa/public/api/v2,0000,https://devapi.omnisoft.africa/public/api/v2,5003,https://devapi.omnisoft.africa/public/api/v2,0,https://devapi.omnisoft.africa/public/api/v2,https://devapi.omnisoft.africa/public/api/v2,10,https://devapi.omnisoft.africa/public/api/v2,https://www.immoask.com/tg/annonce/5503,https://devapi.omnisoft.africa/public/api/v2
5502,https://devapi.omnisoft.africa/public/api/v2,"Kpomé, Tabligbo",https://devapi.omnisoft.africa/public/api/v2,Tabligbo,https://devapi.omnisoft.africa/public/api/v2,Kpomé,https://devapi.omnisoft.africa/public/api/v2,0000,https://devapi.omnisoft.africa/public/api/v2,5003,https://devapi.omnisoft.africa/public/api/v2,0,https://devapi.omnisoft.africa/public/api/v2,https://devapi.omnisoft.africa/public/api/v2,10,https://devapi.omnisoft.africa/public/api/v2,https://www.immoask.com/tg/annonce/5502,https://devapi.omnisoft.africa/public/api/v2
5501,https://devapi.omnisoft.africa/public/api/v2,"Kpomé, Tabligbo",https://devapi.omnisoft.africa/public/api/v2,Tabligbo,https://devapi.omnisoft.africa/public/api/v2,Kpomé,https://devapi.omnisoft.africa/public/api/v2,0000,https://devapi.omnisoft.africa/public/api/v2,5003,https://devapi.omnisoft.africa/public/api/v2,0,https://devapi.omnisoft.africa/public/api/v2,https://devapi.omnisoft.africa/public/api/v2,10,https://devapi.omnisoft.africa/public/api/v2,https://www.immoask.com/tg/annonce/5501,https://devapi.omnisoft.africa/public/api/v2
5500,https://devapi.omnisoft.africa/public/api/v2,"Adetikope, Lome",https://devapi.omnisoft.africa/public/api/v2,Lome,https://devapi.omnisoft.africa/public/api/v2,Adetikope,https://devapi.omnisoft.africa/public/api/v2,0000,https://devapi.omnisoft.africa/public/api/v2,100000,https://devapi.omnisoft.africa/public/api/v2,0,https://devapi.omnisoft.africa/public/api/v2,https://devapi.omnisoft.africa/public/api/v2,10,https://devapi.omnisoft.africa/public/api/v2,https://www.immoask.com/tg/annonce/5500,https://devapi.omnisoft.africa/public/api/v2
5499,https://devapi.omnisoft.africa/public/api/v2,"Afagnan, Afagnan",https://devapi.omnisoft.africa/public/api/v2,Afagnan,https://devapi.omnisoft.africa/public/api/v2,Afagnan,https://devapi.omnisoft.africa/public/api/v2,0000,https://devapi.omnisoft.africa/public/api/v2,80000,https://devapi.omnisoft.africa/public/api/v2,0,https://devapi.omnisoft.africa/public/api/v2,https://devapi.omnisoft.africa/public/api/v2,10,https://devapi.omnisoft.africa/public/api/v2,https://www.immoask.com/tg/annonce/5499,https://devapi.omnisoft.africa/public/api/v2
5498,https://devapi.omnisoft.africa/public/api/v2,"Adetikope, Lome",https://devapi.omnisoft.africa/public/api/v2,Lome,https://devapi.omnisoft.africa/public/api/v2,Adetikope,https://devapi.omnisoft.africa/public/api/v2,0000,https://devapi.omnisoft.africa/public/api/v2,90000,https://devapi.omnisoft.africa/public/api/v2,0,https://devapi.omnisoft.africa/public/api/v2,https://devapi.omnisoft.africa/public/api/v2,10,https://devapi.omnisoft.africa/public/api/v2,https://www.immoask.com/tg/annonce/5498,https://devapi.omnisoft.africa/public/api/v2
5497,https://devapi.omnisoft.africa/public/api/v2,"Baguida, Lome",https://devapi.omnisoft.africa/public/api/v2,Lome,https://devapi.omnisoft.africa/public/api/v2,Baguida,https://devapi.omnisoft.africa/public/api/v2,0000,https://devapi.omnisoft.africa/public/api/v2,300000,https://devapi.omnisoft.africa/public/api/v2,0,https://devapi.omnisoft.africa/public/api/v2,https://devapi.omnisoft.africa/public/api/v2,14,https://devapi.omnisoft.africa/public/api/v2,https://www.immoask.com/tg/annonce/5497,https://devapi.omnisoft.africa/public/api/v2
5496,https://devapi.omnisoft.africa/public/api/v2,"Agbalépédo, Lome",https://devapi.omnisoft.africa/public/api/v2,Lome,https://devapi.omnisoft.africa/public/api/v2,Agbalépédo,https://devapi.omnisoft.africa/public/api/v2,0000,https://devapi.omnisoft.africa/public/api/v2,450000,https://devapi.omnisoft.africa/public/api/v2,1,https://devapi.omnisoft.africa/public/api/v2,https://devapi.omnisoft.africa/public/api/v2,30,https://devapi.omnisoft.africa/public/api/v2,https://www.immoask.com/tg/annonce/5496,https://devapi.omnisoft.africa/public/api/v2
5495,https://devapi.omnisoft.africa/public/api/v2,"Djidjolé, Lome",https://devapi.omnisoft.africa/public/api/v2,Lome,https://devapi.omnisoft.africa/public/api/v2,Djidjolé,https://devapi.omnisoft.africa/public/api/v2,0000,https://devapi.omnisoft.africa/public/api/v2,500000,https://devapi.omnisoft.africa/public/api/v2,1,https://devapi.omnisoft.africa/public/api/v2,https://devapi.omnisoft.africa/public/api/v2,25,https://devapi.omnisoft.africa/public/api/v2,https://www.immoask.com/tg/annonce/5495,https://devapi.omnisoft.africa/public/api/v2
5494,https://devapi.omnisoft.africa/public/api/v2,"Agoe, Lome",https://devapi.omnisoft.africa/public/api/v2,Lome,https://devapi.omnisoft.africa/public/api/v2,Agoe,https://devapi.omnisoft.africa/public/api/v2,0000,https://devapi.omnisoft.africa/public/api/v2,32000000,https://devapi.omnisoft.africa/public/api/v2,0,https://devapi.omnisoft.africa/public/api/v2,https://devapi.omnisoft.africa/public/api/v2,600,https://devapi.omnisoft.africa/public/api/v2,https://www.immoask.com/tg/annonce/5494,https://devapi.omnisoft.africa/public/api/v2
5493,https://devapi.omnisoft.africa/public/api/v2,"Ablogame, Lome",https://devapi.omnisoft.africa/public/api/v2,Lome,https://devapi.omnisoft.africa/public/api/v2,Ablogame,https://devapi.omnisoft.africa/public/api/v2,0000,https://devapi.omnisoft.africa/public/api/v2,250000,https://devapi.omnisoft.africa/public/api/v2,3,https://devapi.omnisoft.africa/public/api/v2,https://devapi.omnisoft.africa/public/api/v2,40,https://devapi.omnisoft.africa/public/api/v2,https://www.immoask.com/tg/annonce/5493,https://devapi.omnisoft.africa/public/api/v2
5492,https://devapi.omnisoft.africa/public/api/v2,"Bè, Lome",https://devapi.omnisoft.africa/public/api/v2,Lome,https://devapi.omnisoft.africa/public/api/v2,Bè,https://devapi.omnisoft.africa/public/api/v2,0000,https://devapi.omnisoft.africa/public/api/v2,300000,https://devapi.omnisoft.africa/public/api/v2,0,https://devapi.omnisoft.africa/public/api/v2,https://devapi.omnisoft.africa/public/api/v2,10,https://devapi.omnisoft.africa/public/api/v2,https://www.immoask.com/tg/annonce/5492,https://devapi.omnisoft.africa/public/api/v2
5491,https://devapi.omnisoft.africa/public/api/v2,"Avepozo, Lome",https://devapi.omnisoft.africa/public/api/v2,Lome,https://devapi.omnisoft.africa/public/api/v2,Avepozo,https://devapi.omnisoft.africa/public/api/v2,0000,https://devapi.omnisoft.africa/public/api/v2,35000000,https://devapi.omnisoft.africa/public/api/v2,4,https://devapi.omnisoft.africa/public/api/v2,https://devapi.omnisoft.africa/public/api/v2,600,https://devapi.omnisoft.africa/public/api/v2,https://www.immoask.com/tg/annonce/5491,https://devapi.omnisoft.africa/public/api/v2
5490,https://devapi.omnisoft.africa/public/api/v2,"Adidogome, Lome",https://devapi.omnisoft.africa/public/api/v2,Lome,https://devapi.omnisoft.africa/public/api/v2,Adidogome,https://devapi.omnisoft.africa/public/api/v2,0000,https://devapi.omnisoft.africa/public/api/v2,500000,https://devapi.omnisoft.africa/public/api/v2,2,https://devapi.omnisoft.africa/public/api/v2,https://devapi.omnisoft.africa/public/api/v2,80,https://devapi.omnisoft.africa/public/api/v2,https://www.immoask.com/tg/annonce/5490,https://devapi.omnisoft.africa/public/api/v2
5489,https://devapi.omnisoft.africa/public/api/v2,"Ablogame, Lome",https://devapi.omnisoft.africa/public/api/v2,Lome,https://devapi.omnisoft.africa/public/api/v2,Ablogame,https://devapi.omnisoft.africa/public/api/v2,0000,https://devapi.omnisoft.africa/public/api/v2,400000,https://devapi.omnisoft.africa/public/api/v2,0,https://devapi.omnisoft.africa/public/api/v2,https://devapi.omnisoft.africa/public/api/v2,600,https://devapi.omnisoft.africa/public/api/v2,https://www.immoask.com/tg/annonce/5489,https://devapi.omnisoft.africa/public/api/v2
5488,https://devapi.omnisoft.africa/public/api/v2,"Totsi, Lome",https://devapi.omnisoft.africa/public/api/v2,Lome,https://devapi.omnisoft.africa/public/api/v2,Totsi,https://devapi.omnisoft.africa/public/api/v2,0000,https://devapi.omnisoft.africa/public/api/v2,200000,https://devapi.omnisoft.africa/public/api/v2,3,https://devapi.omnisoft.africa/public/api/v2,https://devapi.omnisoft.africa/public/api/v2,60,https://devapi.omnisoft.africa/public/api/v2,https://www.immoask.com/tg/annonce/5488,https://devapi.omnisoft.africa/public/api/v2
5487,https://devapi.omnisoft.africa/public/api/v2,"Adidogome, Lome",https://devapi.omnisoft.africa/public/api/v2,Lome,https://devapi.omnisoft.africa/public/api/v2,Adidogome,https://devapi.omnisoft.africa/public/api/v2,0000,https://devapi.omnisoft.africa/public/api/v2,80000,https://devapi.omnisoft.africa/public/api/v2,3,https://devapi.omnisoft.africa/public/api/v2,https://devapi.omnisoft.africa/public/api/v2,70,https://devapi.omnisoft.africa/public/api/v2,https://www.immoask.com/tg/annonce/5487,https://devapi.omnisoft.africa/public/api/v2
5486,https://devapi.omnisoft.africa/public/api/v2,"Djidjolé, Lome",https://devapi.omnisoft.africa/public/api/v2,Lome,https://devapi.omnisoft.africa/public/api/v2,Djidjolé,https://devapi.omnisoft.africa/public/api/v2,0000,https://devapi.omnisoft.africa/public/api/v2,90000,https://devapi.omnisoft.africa/public/api/v2,2,https://devapi.omnisoft.africa/public/api/v2,https://devapi.omnisoft.africa/public/api/v2,40,https://devapi.omnisoft.africa/public/api/v2,https://www.immoask.com/tg/annonce/5486,https://devapi.omnisoft.africa/public/api/v2
5485,https://devapi.omnisoft.africa/public/api/v2,"Djidjolé, Lome",https://devapi.omnisoft.africa/public/api/v2,Lome,https://devapi.omnisoft.africa/public/api/v2,Djidjolé,https://devapi.omnisoft.africa/public/api/v2,0000,https://devapi.omnisoft.africa/public/api/v2,200000,https://devapi.omnisoft.africa/public/api/v2,3,https://devapi.omnisoft.africa/public/api/v2,https://devapi.omnisoft.africa/public/api/v2,80,https://devapi.omnisoft.africa/public/api/v2,https://www.immoask.com/tg/annonce/5485,https://devapi.omnisoft.africa/public/api/v2
5484,https://devapi.omnisoft.africa/public/api/v2,"Agoe, Lome",https://devapi.omnisoft.africa/public/api/v2,Lome,https://devapi.omnisoft.africa/public/api/v2,Agoe,https://devapi.omnisoft.africa/public/api/v2,0000,https://devapi.omnisoft.africa/public/api/v2,45000000,https://devapi.omnisoft.africa/public/api/v2,3,https://devapi.omnisoft.africa/public/api/v2,https://devapi.omnisoft.africa/public/api/v2,900,https://devapi.omnisoft.africa/public/api/v2,https://www.immoask.com/tg/annonce/5484,https://devapi.omnisoft.africa/public/api/v2
5483,https://devapi.omnisoft.africa/public/api/v2,"Agoe, Lome",https://devapi.omnisoft.africa/public/api/v2,Lome,https://devapi.omnisoft.africa/public/api/v2,Agoe,https://devapi.omnisoft.africa/public/api/v2,0000,https://devapi.omnisoft.africa/public/api/v2,90000,https://devapi.omnisoft.africa/public/api/v2,3,https://devapi.omnisoft.africa/public/api/v2,https://devapi.omnisoft.africa/public/api/v2,900,https://devapi.omnisoft.africa/public/api/v2,https://www.immoask.com/tg/annonce/5483,https://devapi.omnisoft.africa/public/api/v2
5482,https://devapi.omnisoft.africa/public/api/v2,"Adidogome, Lome",https://devapi.omnisoft.africa/public/api/v2,Lome,https://devapi.omnisoft.africa/public/api/v2,Adidogome,https://devapi.omnisoft.africa/public/api/v2,0000,https://devapi.omnisoft.africa/public/api/v2,1150000,https://devapi.omnisoft.africa/public/api/v2,2,https://devapi.omnisoft.africa/public/api/v2,https://devapi.omnisoft.africa/public/api/v2,78,https://devapi.omnisoft.africa/public/api/v2,https://www.immoask.com/tg/annonce/5482,https://devapi.omnisoft.africa/public/api/v2
5481,https://devapi.omnisoft.africa/public/api/v2,"Adidogome, Lome",https://devapi.omnisoft.africa/public/api/v2,Lome,https://devapi.omnisoft.africa/public/api/v2,Adidogome,https://devapi.omnisoft.africa/public/api/v2,0000,https://devapi.omnisoft.africa/public/api/v2,673000,https://devapi.omnisoft.africa/public/api/v2,1,https://devapi.omnisoft.africa/public/api/v2,https://devapi.omnisoft.africa/public/api/v2,20,https://devapi.omnisoft.africa/public/api/v2,https://www.immoask.com/tg/annonce/5481,https://devapi.omnisoft.africa/public/api/v2
5480,https://devapi.omnisoft.africa/public/api/v2,"Agoe, Lome",https://devapi.omnisoft.africa/public/api/v2,Lome,https://devapi.omnisoft.africa/public/api/v2,Agoe,https://devapi.omnisoft.africa/public/api/v2,0000,https://devapi.omnisoft.africa/public/api/v2,100000,https://devapi.omnisoft.africa/public/api/v2,3,https://devapi.omnisoft.africa/public/api/v2,https://devapi.omnisoft.africa/public/api/v2,80,https://devapi.omnisoft.africa/public/api/v2,https://www.immoask.com/tg/annonce/5480,https://devapi.omnisoft.africa/public/api/v2
5479,https://devapi.omnisoft.africa/public/api/v2,"Adidogome, Lome",https://devapi.omnisoft.africa/public/api/v2,Lome,https://devapi.omnisoft.africa/public/api/v2,Adidogome,https://devapi.omnisoft.africa/public/api/v2,0000,https://devapi.omnisoft.africa/public/api/v2,1070000,https://devapi.omnisoft.africa/public/api/v2,2,https://devapi.omnisoft.africa/public/api/v2,https://devapi.omnisoft.africa/public/api/v2,70,https://devapi.omnisoft.africa/public/api/v2,https://www.immoask.com/tg/annonce/5479,https://devapi.omnisoft.africa/public/api/v2
5478,https://devapi.omnisoft.africa/public/api/v2,"Adidogome, Lome",https://devapi.omnisoft.africa/public/api/v2,Lome,https://devapi.omnisoft.africa/public/api/v2,Adidogome,https://devapi.omnisoft.africa/public/api/v2,0000,https://devapi.omnisoft.africa/public/api/v2,980000,https://devapi.omnisoft.africa/public/api/v2,2,https://devapi.omnisoft.africa/public/api/v2,https://devapi.omnisoft.africa/public/api/v2,77,https://devapi.omnisoft.africa/public/api/v2,https://www.immoask.com/tg/annonce/5478,https://devapi.omnisoft.africa/public/api/v2
5477,https://devapi.omnisoft.africa/public/api/v2,"Adewui, Lome",https://devapi.omnisoft.africa/public/api/v2,Lome,https://devapi.omnisoft.africa/public/api/v2,Adewui,https://devapi.omnisoft.africa/public/api/v2,0000,https://devapi.omnisoft.africa/public/api/v2,430000,https://devapi.omnisoft.africa/public/api/v2,1,https://devapi.omnisoft.africa/public/api/v2,https://devapi.omnisoft.africa/public/api/v2,60,https://devapi.omnisoft.africa/public/api/v2,https://www.immoask.com/tg/annonce/5477,https://devapi.omnisoft.africa/public/api/v2
5476,https://devapi.omnisoft.africa/public/api/v2,"Adidogome, Lome",https://devapi.omnisoft.africa/public/api/v2,Lome,https://devapi.omnisoft.africa/public/api/v2,Adidogome,https://devapi.omnisoft.africa/public/api/v2,0000,https://devapi.omnisoft.africa/public/api/v2,450000,https://devapi.omnisoft.africa/public/api/v2,2,https://devapi.omnisoft.africa/public/api/v2,https://devapi.omnisoft.africa/public/api/v2,71,https://devapi.omnisoft.africa/public/api/v2,https://www.immoask.com/tg/annonce/5476,https://devapi.omnisoft.africa/public/api/v2
5475,https://devapi.omnisoft.africa/public/api/v2,"Adewui, Lome",https://devapi.omnisoft.africa/public/api/v2,Lome,https://devapi.omnisoft.africa/public/api/v2,Adewui,https://devapi.omnisoft.africa/public/api/v2,0000,https://devapi.omnisoft.africa/public/api/v2,320000,https://devapi.omnisoft.africa/public/api/v2,1,https://devapi.omnisoft.africa/public/api/v2,https://devapi.omnisoft.africa/public/api/v2,25,https://devapi.omnisoft.africa/public/api/v2,https://www.immoask.com/tg/annonce/5475,https://devapi.omnisoft.africa/public/api/v2
5474,https://devapi.omnisoft.africa/public/api/v2,"Totsi, Lome",https://devapi.omnisoft.africa/public/api/v2,Lome,https://devapi.omnisoft.africa/public/api/v2,Totsi,https://devapi.omnisoft.africa/public/api/v2,0000,https://devapi.omnisoft.africa/public/api/v2,200000,https://devapi.omnisoft.africa/public/api/v2,3,https://devapi.omnisoft.africa/public/api/v2,https://devapi.omnisoft.africa/public/api/v2,80,https://devapi.omnisoft.africa/public/api/v2,https://www.immoask.com/tg/annonce/5474,https://devapi.omnisoft.africa/public/api/v2
5473,https://devapi.omnisoft.africa/public/api/v2,"Adidogome, Lome",https://devapi.omnisoft.africa/public/api/v2,Lome,https://devapi.omnisoft.africa/public/api/v2,Adidogome,https://devapi.omnisoft.africa/public/api/v2,0000,https://devapi.omnisoft.africa/public/api/v2,1150000,https://devapi.omnisoft.africa/public/api/v2,2,https://devapi.omnisoft.africa/public/api/v2,https://devapi.omnisoft.africa/public/api/v2,70,https://devapi.omnisoft.africa/public/api/v2,https://www.immoask.com/tg/annonce/5473,https://devapi.omnisoft.africa/public/api/v2
5472,https://devapi.omnisoft.africa/public/api/v2,"Hédzranawoe, Lome",https://devapi.omnisoft.africa/public/api/v2,Lome,https://devapi.omnisoft.africa/public/api/v2,Hédzranawoe,https://devapi.omnisoft.africa/public/api/v2,0000,https://devapi.omnisoft.africa/public/api/v2,350000,https://devapi.omnisoft.africa/public/api/v2,1,https://devapi.omnisoft.africa/public/api/v2,https://devapi.omnisoft.africa/public/api/v2,26,https://devapi.omnisoft.africa/public/api/v2,https://www.immoask.com/tg/annonce/5472,https://devapi.omnisoft.africa/public/api/v2
5471,https://devapi.omnisoft.africa/public/api/v2,"Hédzranawoe, Lome",https://devapi.omnisoft.africa/public/api/v2,Lome,https://devapi.omnisoft.africa/public/api/v2,Hédzranawoe,https://devapi.omnisoft.africa/public/api/v2,0000,https://devapi.omnisoft.africa/public/api/v2,250000,https://devapi.omnisoft.africa/public/api/v2,1,https://devapi.omnisoft.africa/public/api/v2,https://devapi.omnisoft.africa/public/api/v2,20,https://devapi.omnisoft.africa/public/api/v2,https://www.immoask.com/tg/annonce/5471,https://devapi.omnisoft.africa/public/api/v2
5470,https://devapi.omnisoft.africa/public/api/v2,"Agbalépédo, Lome",https://devapi.omnisoft.africa/public/api/v2,Lome,https://devapi.omnisoft.africa/public/api/v2,Agbalépédo,https://devapi.omnisoft.africa/public/api/v2,0000,https://devapi.omnisoft.africa/public/api/v2,380000,https://devapi.omnisoft.africa/public/api/v2,4,https://devapi.omnisoft.africa/public/api/v2,https://devapi.omnisoft.africa/public/api/v2,150,https://devapi.omnisoft.africa/public/api/v2,https://www.immoask.com/tg/annonce/5470,https://devapi.omnisoft.africa/public/api/v2
5469,https://devapi.omnisoft.africa/public/api/v2,"Agoe, Lome",https://devapi.omnisoft.africa/public/api/v2,Lome,https://devapi.omnisoft.africa/public/api/v2,Agoe,https://devapi.omnisoft.africa/public/api/v2,0000,https://devapi.omnisoft.africa/public/api/v2,70000,https://devapi.omnisoft.africa/public/api/v2,2,https://devapi.omnisoft.africa/public/api/v2,https://devapi.omnisoft.africa/public/api/v2,60,https://devapi.omnisoft.africa/public/api/v2,https://www.immoask.com/tg/annonce/5469,https://devapi.omnisoft.africa/public/api/v2
5468,https://devapi.omnisoft.africa/public/api/v2,"Adidogome, Lome",https://devapi.omnisoft.africa/public/api/v2,Lome,https://devapi.omnisoft.africa/public/api/v2,Adidogome,https://devapi.omnisoft.africa/public/api/v2,0000,https://devapi.omnisoft.africa/public/api/v2,30000,https://devapi.omnisoft.africa/public/api/v2,1,https://devapi.omnisoft.africa/public/api/v2,https://devapi.omnisoft.africa/public/api/v2,15,https://devapi.omnisoft.africa/public/api/v2,https://www.immoask.com/tg/annonce/5468,https://devapi.omnisoft.africa/public/api/v2
5467,https://devapi.omnisoft.africa/public/api/v2,"Adidogome, Lome",https://devapi.omnisoft.africa/public/api/v2,Lome,https://devapi.omnisoft.africa/public/api/v2,Adidogome,https://devapi.omnisoft.africa/public/api/v2,0000,https://devapi.omnisoft.africa/public/api/v2,1092000,https://devapi.omnisoft.africa/public/api/v2,2,https://devapi.omnisoft.africa/public/api/v2,https://devapi.omnisoft.africa/public/api/v2,70,https://devapi.omnisoft.africa/public/api/v2,https://www.immoask.com/tg/annonce/5467,https://devapi.omnisoft.africa/public/api/v2
5466,https://devapi.omnisoft.africa/public/api/v2,"Djidjolé, Lome",https://devapi.omnisoft.africa/public/api/v2,Lome,https://devapi.omnisoft.africa/public/api/v2,Djidjolé,https://devapi.omnisoft.africa/public/api/v2,0000,https://devapi.omnisoft.africa/public/api/v2,220000,https://devapi.omnisoft.africa/public/api/v2,3,https://devapi.omnisoft.africa/public/api/v2,https://devapi.omnisoft.africa/public/api/v2,80,https://devapi.omnisoft.africa/public/api/v2,https://www.immoask.com/tg/annonce/5466,https://devapi.omnisoft.africa/public/api/v2
5465,https://devapi.omnisoft.africa/public/api/v2,"Segbe, Lome",https://devapi.omnisoft.africa/public/api/v2,Lome,https://devapi.omnisoft.africa/public/api/v2,Segbe,https://devapi.omnisoft.africa/public/api/v2,0000,https://devapi.omnisoft.africa/public/api/v2,8500000,https://devapi.omnisoft.africa/public/api/v2,0,https://devapi.omnisoft.africa/public/api/v2,https://devapi.omnisoft.africa/public/api/v2,450,https://devapi.omnisoft.africa/public/api/v2,https://www.immoask.com/tg/annonce/5465,https://devapi.omnisoft.africa/public/api/v2
5464,https://devapi.omnisoft.africa/public/api/v2,"villa,louer,lome,sagboville, Sagboville, Lome",https://devapi.omnisoft.africa/public/api/v2,Lome,https://devapi.omnisoft.africa/public/api/v2,Sagboville,https://devapi.omnisoft.africa/public/api/v2,0000,https://devapi.omnisoft.africa/public/api/v2,200000,https://devapi.omnisoft.africa/public/api/v2,3,https://devapi.omnisoft.africa/public/api/v2,https://devapi.omnisoft.africa/public/api/v2,10,https://devapi.omnisoft.africa/public/api/v2,https://www.immoask.com/tg/annonce/5464,https://devapi.omnisoft.africa/public/api/v2
5463,https://devapi.omnisoft.africa/public/api/v2,"villa meublée,louer,lome,agoe , Agoe, Lome",https://devapi.omnisoft.africa/public/api/v2,Lome,https://devapi.omnisoft.africa/public/api/v2,Agoe,https://devapi.omnisoft.africa/public/api/v2,0000,https://devapi.omnisoft.africa/public/api/v2,800000,https://devapi.omnisoft.africa/public/api/v2,4,https://devapi.omnisoft.africa/public/api/v2,https://devapi.omnisoft.africa/public/api/v2,600,https://devapi.omnisoft.africa/public/api/v2,https://www.immoask.com/tg/annonce/5463,https://devapi.omnisoft.africa/public/api/v2
5462,https://devapi.omnisoft.africa/public/api/v2,"villa meublée,louer,lome,agoe, Agoe, Lome",https://devapi.omnisoft.africa/public/api/v2,Lome,https://devapi.omnisoft.africa/public/api/v2,Agoe,https://devapi.omnisoft.africa/public/api/v2,0000,https://devapi.omnisoft.africa/public/api/v2,800000,https://devapi.omnisoft.africa/public/api/v2,4,https://devapi.omnisoft.africa/public/api/v2,https://devapi.omnisoft.africa/public/api/v2,600,https://devapi.omnisoft.africa/public/api/v2,https://www.immoask.com/tg/annonce/5462,https://devapi.omnisoft.africa/public/api/v2
5461,https://devapi.omnisoft.africa/public/api/v2,"villa,louer,lome,adidogome , Adidogome, Lome",https://devapi.omnisoft.africa/public/api/v2,Lome,https://devapi.omnisoft.africa/public/api/v2,Adidogome,https://devapi.omnisoft.africa/public/api/v2,0000,https://devapi.omnisoft.africa/public/api/v2,250000,https://devapi.omnisoft.africa/public/api/v2,3,https://devapi.omnisoft.africa/public/api/v2,https://devapi.omnisoft.africa/public/api/v2,150,https://devapi.omnisoft.africa/public/api/v2,https://www.immoask.com/tg/annonce/5461,https://devapi.omnisoft.africa/public/api/v2
5460,https://devapi.omnisoft.africa/public/api/v2,"terrain,vendre,lome,djagble, Djagble, Lome",https://devapi.omnisoft.africa/public/api/v2,Lome,https://devapi.omnisoft.africa/public/api/v2,Djagble,https://devapi.omnisoft.africa/public/api/v2,0000,https://devapi.omnisoft.africa/public/api/v2,15000000,https://devapi.omnisoft.africa/public/api/v2,0,https://devapi.omnisoft.africa/public/api/v2,https://devapi.omnisoft.africa/public/api/v2,600,https://devapi.omnisoft.africa/public/api/v2,https://www.immoask.com/tg/annonce/5460,https://devapi.omnisoft.africa/public/api/v2
5459,https://devapi.omnisoft.africa/public/api/v2,"bureau,louer,lome,bernard cope, Agoe, Lome",https://devapi.omnisoft.africa/public/api/v2,Lome,https://devapi.omnisoft.africa/public/api/v2,Agoe,https://devapi.omnisoft.africa/public/api/v2,0000,https://devapi.omnisoft.africa/public/api/v2,150000,https://devapi.omnisoft.africa/public/api/v2,0,https://devapi.omnisoft.africa/public/api/v2,https://devapi.omnisoft.africa/public/api/v2,60,https://devapi.omnisoft.africa/public/api/v2,https://www.immoask.com/tg/annonce/5459,https://devapi.omnisoft.africa/public/api/v2
5458,https://devapi.omnisoft.africa/public/api/v2,"boutique,louer,lome,agbalepedo, Agbalépédo, Lome",https://devapi.omnisoft.africa/public/api/v2,Lome,https://devapi.omnisoft.africa/public/api/v2,Agbalépédo,https://devapi.omnisoft.africa/public/api/v2,0000,https://devapi.omnisoft.africa/public/api/v2,60000,https://devapi.omnisoft.africa/public/api/v2,1,https://devapi.omnisoft.africa/public/api/v2,https://devapi.omnisoft.africa/public/api/v2,20,https://devapi.omnisoft.africa/public/api/v2,https://www.immoask.com/tg/annonce/5458,https://devapi.omnisoft.africa/public/api/v2
5457,https://devapi.omnisoft.africa/public/api/v2,"villa,louer,lome,zossime, Agoe, Lome",https://devapi.omnisoft.africa/public/api/v2,Lome,https://devapi.omnisoft.africa/public/api/v2,Agoe,https://devapi.omnisoft.africa/public/api/v2,0000,https://devapi.omnisoft.africa/public/api/v2,150000,https://devapi.omnisoft.africa/public/api/v2,4,https://devapi.omnisoft.africa/public/api/v2,https://devapi.omnisoft.africa/public/api/v2,100,https://devapi.omnisoft.africa/public/api/v2,https://www.immoask.com/tg/annonce/5457,https://devapi.omnisoft.africa/public/api/v2
5456,https://devapi.omnisoft.africa/public/api/v2,"terrain,vendre,lome,akepedo, Akepedo, Lome",https://devapi.omnisoft.africa/public/api/v2,Lome,https://devapi.omnisoft.africa/public/api/v2,Akepedo,https://devapi.omnisoft.africa/public/api/v2,0000,https://devapi.omnisoft.africa/public/api/v2,320000000,https://devapi.omnisoft.africa/public/api/v2,0,https://devapi.omnisoft.africa/public/api/v2,https://devapi.omnisoft.africa/public/api/v2,15000,https://devapi.omnisoft.africa/public/api/v2,https://www.immoask.com/tg/annonce/5456,https://devapi.omnisoft.africa/public/api/v2
5455,https://devapi.omnisoft.africa/public/api/v2,"appartement meublé,louer,lome,kegue , Kegue, Lome",https://devapi.omnisoft.africa/public/api/v2,Lome,https://devapi.omnisoft.africa/public/api/v2,Kegue,https://devapi.omnisoft.africa/public/api/v2,0000,https://devapi.omnisoft.africa/public/api/v2,500000,https://devapi.omnisoft.africa/public/api/v2,2,https://devapi.omnisoft.africa/public/api/v2,https://devapi.omnisoft.africa/public/api/v2,90,https://devapi.omnisoft.africa/public/api/v2,https://www.immoask.com/tg/annonce/5455,https://devapi.omnisoft.africa/public/api/v2
5454,https://devapi.omnisoft.africa/public/api/v2,"appartement meublé,louer,lome,agoe , Agoe, Lome",https://devapi.omnisoft.africa/public/api/v2,Lome,https://devapi.omnisoft.africa/public/api/v2,Agoe,https://devapi.omnisoft.africa/public/api/v2,0000,https://devapi.omnisoft.africa/public/api/v2,400000,https://devapi.omnisoft.africa/public/api/v2,2,https://devapi.omnisoft.africa/public/api/v2,https://devapi.omnisoft.africa/public/api/v2,300,https://devapi.omnisoft.africa/public/api/v2,https://www.immoask.com/tg/annonce/5454,https://devapi.omnisoft.africa/public/api/v2
5453,https://devapi.omnisoft.africa/public/api/v2,"appartement meublé,louer,lome,kegue , Kegue, Lome",https://devapi.omnisoft.africa/public/api/v2,Lome,https://devapi.omnisoft.africa/public/api/v2,Kegue,https://devapi.omnisoft.africa/public/api/v2,0000,https://devapi.omnisoft.africa/public/api/v2,400000,https://devapi.omnisoft.africa/public/api/v2,2,https://devapi.omnisoft.africa/public/api/v2,https://devapi.omnisoft.africa/public/api/v2,90,https://devapi.omnisoft.africa/public/api/v2,https://www.immoask.com/tg/annonce/5453,https://devapi.omnisoft.africa/public/api/v2
5452,https://devapi.omnisoft.africa/public/api/v2,"terrain,vendre,lome,legbassito, Agoe, Lome",https://devapi.omnisoft.africa/public/api/v2,Lome,https://devapi.omnisoft.africa/public/api/v2,Agoe,https://devapi.omnisoft.africa/public/api/v2,0000,https://devapi.omnisoft.africa/public/api/v2,30000000,https://devapi.omnisoft.africa/public/api/v2,0,https://devapi.omnisoft.africa/public/api/v2,https://devapi.omnisoft.africa/public/api/v2,600,https://devapi.omnisoft.africa/public/api/v2,https://www.immoask.com/tg/annonce/5452,https://devapi.omnisoft.africa/public/api/v2
5451,https://devapi.omnisoft.africa/public/api/v2,"terrain,vendre,lome,segbe , Segbe, Lome",https://devapi.omnisoft.africa/public/api/v2,Lome,https://devapi.omnisoft.africa/public/api/v2,Segbe,https://devapi.omnisoft.africa/public/api/v2,0000,https://devapi.omnisoft.africa/public/api/v2,17000000,https://devapi.omnisoft.africa/public/api/v2,0,https://devapi.omnisoft.africa/public/api/v2,https://devapi.omnisoft.africa/public/api/v2,900,https://devapi.omnisoft.africa/public/api/v2,https://www.immoask.com/tg/annonce/5451,https://devapi.omnisoft.africa/public/api/v2
5450,https://devapi.omnisoft.africa/public/api/v2,"terrain,vendre,lome,segbe , Segbe, Lome",https://devapi.omnisoft.africa/public/api/v2,Lome,https://devapi.omnisoft.africa/public/api/v2,Segbe,https://devapi.omnisoft.africa/public/api/v2,0000,https://devapi.omnisoft.africa/public/api/v2,20000000,https://devapi.omnisoft.africa/public/api/v2,0,https://devapi.omnisoft.africa/public/api/v2,https://devapi.omnisoft.africa/public/api/v2,600,https://devapi.omnisoft.africa/public/api/v2,https://www.immoask.com/tg/annonce/5450,https://devapi.omnisoft.africa/public/api/v2
5449,https://devapi.omnisoft.africa/public/api/v2,"terrain,vendre,lome,adidogome , Adidogome, Lome",https://devapi.omnisoft.africa/public/api/v2,Lome,https://devapi.omnisoft.africa/public/api/v2,Adidogome,https://devapi.omnisoft.africa/public/api/v2,0000,https://devapi.omnisoft.africa/public/api/v2,30000000,https://devapi.omnisoft.africa/public/api/v2,0,https://devapi.omnisoft.africa/public/api/v2,https://devapi.omnisoft.africa/public/api/v2,600,https://devapi.omnisoft.africa/public/api/v2,https://www.immoask.com/tg/annonce/5449,https://devapi.omnisoft.africa/public/api/v2
5448,https://devapi.omnisoft.africa/public/api/v2,"villa meublée,louer,lome,baguida, Baguida, Lome",https://devapi.omnisoft.africa/public/api/v2,Lome,https://devapi.omnisoft.africa/public/api/v2,Baguida,https://devapi.omnisoft.africa/public/api/v2,0000,https://devapi.omnisoft.africa/public/api/v2,850000,https://devapi.omnisoft.africa/public/api/v2,3,https://devapi.omnisoft.africa/public/api/v2,https://devapi.omnisoft.africa/public/api/v2,600,https://devapi.omnisoft.africa/public/api/v2,https://www.immoask.com/tg/annonce/5448,https://devapi.omnisoft.africa/public/api/v2
5447,https://devapi.omnisoft.africa/public/api/v2,"chambre salon,louer,lome,zanguera , Zanguera, Lome",https://devapi.omnisoft.africa/public/api/v2,Lome,https://devapi.omnisoft.africa/public/api/v2,Zanguera,https://devapi.omnisoft.africa/public/api/v2,0000,https://devapi.omnisoft.africa/public/api/v2,45000,https://devapi.omnisoft.africa/public/api/v2,1,https://devapi.omnisoft.africa/public/api/v2,https://devapi.omnisoft.africa/public/api/v2,40,https://devapi.omnisoft.africa/public/api/v2,https://www.immoask.com/tg/annonce/5447,https://devapi.omnisoft.africa/public/api/v2
5446,https://devapi.omnisoft.africa/public/api/v2,"2 chambres salon,louer,lome,legbasito, Agoe, Lome",https://devapi.omnisoft.africa/public/api/v2,Lome,https://devapi.omnisoft.africa/public/api/v2,Agoe,https://devapi.omnisoft.africa/public/api/v2,0000,https://devapi.omnisoft.africa/public/api/v2,70000,https://devapi.omnisoft.africa/public/api/v2,2,https://devapi.omnisoft.africa/public/api/v2,https://devapi.omnisoft.africa/public/api/v2,10,https://devapi.omnisoft.africa/public/api/v2,https://www.immoask.com/tg/annonce/5446,https://devapi.omnisoft.africa/public/api/v2
5445,https://devapi.omnisoft.africa/public/api/v2,"2 chambres salon,louer,lome,adidogome assiyeye, Adidogome, Lome",https://devapi.omnisoft.africa/public/api/v2,Lome,https://devapi.omnisoft.africa/public/api/v2,Adidogome,https://devapi.omnisoft.africa/public/api/v2,0000,https://devapi.omnisoft.africa/public/api/v2,120000,https://devapi.omnisoft.africa/public/api/v2,0,https://devapi.omnisoft.africa/public/api/v2,https://devapi.omnisoft.africa/public/api/v2,100,https://devapi.omnisoft.africa/public/api/v2,https://www.immoask.com/tg/annonce/5445,https://devapi.omnisoft.africa/public/api/v2
5444,https://devapi.omnisoft.africa/public/api/v2,"studio meublé,louer,lome,kegue , Kegue, Lome",https://devapi.omnisoft.africa/public/api/v2,Lome,https://devapi.omnisoft.africa/public/api/v2,Kegue,https://devapi.omnisoft.africa/public/api/v2,0000,https://devapi.omnisoft.africa/public/api/v2,300000,https://devapi.omnisoft.africa/public/api/v2,1,https://devapi.omnisoft.africa/public/api/v2,https://devapi.omnisoft.africa/public/api/v2,20,https://devapi.omnisoft.africa/public/api/v2,https://www.immoask.com/tg/annonce/5444,https://devapi.omnisoft.africa/public/api/v2
5443,https://devapi.omnisoft.africa/public/api/v2,"3 chambres salon,louer,lome,lankouvi, Adidogome, Lome",https://devapi.omnisoft.africa/public/api/v2,Lome,https://devapi.omnisoft.africa/public/api/v2,Adidogome,https://devapi.omnisoft.africa/public/api/v2,0000,https://devapi.omnisoft.africa/public/api/v2,80000,https://devapi.omnisoft.africa/public/api/v2,0,https://devapi.omnisoft.africa/public/api/v2,https://devapi.omnisoft.africa/public/api/v2,80,https://devapi.omnisoft.africa/public/api/v2,https://www.immoask.com/tg/annonce/5443,https://devapi.omnisoft.africa/public/api/v2
5442,https://devapi.omnisoft.africa/public/api/v2,"appartement meublé,louer,lome,agbalepedo , Agbalépédo, Lome",https://devapi.omnisoft.africa/public/api/v2,Lome,https://devapi.omnisoft.africa/public/api/v2,Agbalépédo,https://devapi.omnisoft.africa/public/api/v2,0000,https://devapi.omnisoft.africa/public/api/v2,600000,https://devapi.omnisoft.africa/public/api/v2,2,https://devapi.omnisoft.africa/public/api/v2,https://devapi.omnisoft.africa/public/api/v2,100,https://devapi.omnisoft.africa/public/api/v2,https://www.immoask.com/tg/annonce/5442,https://devapi.omnisoft.africa/public/api/v2
5441,https://devapi.omnisoft.africa/public/api/v2,"villa,louer,lome,3k, Baguida, Lome",https://devapi.omnisoft.africa/public/api/v2,Lome,https://devapi.omnisoft.africa/public/api/v2,Baguida,https://devapi.omnisoft.africa/public/api/v2,0000,https://devapi.omnisoft.africa/public/api/v2,350000,https://devapi.omnisoft.africa/public/api/v2,0,https://devapi.omnisoft.africa/public/api/v2,https://devapi.omnisoft.africa/public/api/v2,300,https://devapi.omnisoft.africa/public/api/v2,https://www.immoask.com/tg/annonce/5441,https://devapi.omnisoft.africa/public/api/v2
5440,https://devapi.omnisoft.africa/public/api/v2,"chambre salon,louer,lome,nukafu, Nukafu, Lome",https://devapi.omnisoft.africa/public/api/v2,Lome,https://devapi.omnisoft.africa/public/api/v2,Nukafu,https://devapi.omnisoft.africa/public/api/v2,0000,https://devapi.omnisoft.africa/public/api/v2,45000,https://devapi.omnisoft.africa/public/api/v2,1,https://devapi.omnisoft.africa/public/api/v2,https://devapi.omnisoft.africa/public/api/v2,25,https://devapi.omnisoft.africa/public/api/v2,https://www.immoask.com/tg/annonce/5440,https://devapi.omnisoft.africa/public/api/v2
5439,https://devapi.omnisoft.africa/public/api/v2,"terrain,vendre,lome,agbelouve, Agbelouve, Lome",https://devapi.omnisoft.africa/public/api/v2,Lome,https://devapi.omnisoft.africa/public/api/v2,Agbelouve,https://devapi.omnisoft.africa/public/api/v2,0000,https://devapi.omnisoft.africa/public/api/v2,2800000,https://devapi.omnisoft.africa/public/api/v2,0,https://devapi.omnisoft.africa/public/api/v2,https://devapi.omnisoft.africa/public/api/v2,10000,https://devapi.omnisoft.africa/public/api/v2,https://www.immoask.com/tg/annonce/5439,https://devapi.omnisoft.africa/public/api/v2
5438,https://devapi.omnisoft.africa/public/api/v2,"terrain,vendre,lome,kegue, Kegue, Lome",https://devapi.omnisoft.africa/public/api/v2,Lome,https://devapi.omnisoft.africa/public/api/v2,Kegue,https://devapi.omnisoft.africa/public/api/v2,0000,https://devapi.omnisoft.africa/public/api/v2,55000000,https://devapi.omnisoft.africa/public/api/v2,0,https://devapi.omnisoft.africa/public/api/v2,https://devapi.omnisoft.africa/public/api/v2,750,https://devapi.omnisoft.africa/public/api/v2,https://www.immoask.com/tg/annonce/5438,https://devapi.omnisoft.africa/public/api/v2
5437,https://devapi.omnisoft.africa/public/api/v2,"villa meublée,vendre,lome,zanguera, Zanguera, Lome",https://devapi.omnisoft.africa/public/api/v2,Lome,https://devapi.omnisoft.africa/public/api/v2,Zanguera,https://devapi.omnisoft.africa/public/api/v2,0000,https://devapi.omnisoft.africa/public/api/v2,550000000,https://devapi.omnisoft.africa/public/api/v2,3,https://devapi.omnisoft.africa/public/api/v2,https://devapi.omnisoft.africa/public/api/v2,600,https://devapi.omnisoft.africa/public/api/v2,https://www.immoask.com/tg/annonce/5437,https://devapi.omnisoft.africa/public/api/v2
5436,https://devapi.omnisoft.africa/public/api/v2,"chambre,louer,lome,totsi egblinkome, Totsi, Lome",https://devapi.omnisoft.africa/public/api/v2,Lome,https://devapi.omnisoft.africa/public/api/v2,Totsi,https://devapi.omnisoft.africa/public/api/v2,0000,https://devapi.omnisoft.africa/public/api/v2,0,https://devapi.omnisoft.africa/public/api/v2,0,https://devapi.omnisoft.africa/public/api/v2,https://devapi.omnisoft.africa/public/api/v2,10,https://devapi.omnisoft.africa/public/api/v2,https://www.immoask.com/tg/annonce/5436,https://devapi.omnisoft.africa/public/api/v2
5435,https://devapi.omnisoft.africa/public/api/v2,"2 chambres salon,louer,1,nukafu, Nukafu, Lome",https://devapi.omnisoft.africa/public/api/v2,Lome,https://devapi.omnisoft.africa/public/api/v2,Nukafu,https://devapi.omnisoft.africa/public/api/v2,0000,https://devapi.omnisoft.africa/public/api/v2,100000,https://devapi.omnisoft.africa/public/api/v2,0,https://devapi.omnisoft.africa/public/api/v2,https://devapi.omnisoft.africa/public/api/v2,60,https://devapi.omnisoft.africa/public/api/v2,https://www.immoask.com/tg/annonce/5435,https://devapi.omnisoft.africa/public/api/v2
5434,https://devapi.omnisoft.africa/public/api/v2,"3 chambres salon,louer,lome,kegue, Kegue, Lome",https://devapi.omnisoft.africa/public/api/v2,Lome,https://devapi.omnisoft.africa/public/api/v2,Kegue,https://devapi.omnisoft.africa/public/api/v2,0000,https://devapi.omnisoft.africa/public/api/v2,250000,https://devapi.omnisoft.africa/public/api/v2,0,https://devapi.omnisoft.africa/public/api/v2,https://devapi.omnisoft.africa/public/api/v2,120,https://devapi.omnisoft.africa/public/api/v2,https://www.immoask.com/tg/annonce/5434,https://devapi.omnisoft.africa/public/api/v2
5433,https://devapi.omnisoft.africa/public/api/v2,"villa,vendre,lome,forever, Tokoin, Lome",https://devapi.omnisoft.africa/public/api/v2,Lome,https://devapi.omnisoft.africa/public/api/v2,Tokoin,https://devapi.omnisoft.africa/public/api/v2,0000,https://devapi.omnisoft.africa/public/api/v2,250000000,https://devapi.omnisoft.africa/public/api/v2,5,https://devapi.omnisoft.africa/public/api/v2,https://devapi.omnisoft.africa/public/api/v2,10,https://devapi.omnisoft.africa/public/api/v2,https://www.immoask.com/tg/annonce/5433,https://devapi.omnisoft.africa/public/api/v2
5432,https://devapi.omnisoft.africa/public/api/v2,"chambre,louer,lome,zanguera, Zanguera, Lome",https://devapi.omnisoft.africa/public/api/v2,Lome,https://devapi.omnisoft.africa/public/api/v2,Zanguera,https://devapi.omnisoft.africa/public/api/v2,0000,https://devapi.omnisoft.africa/public/api/v2,30000,https://devapi.omnisoft.africa/public/api/v2,1,https://devapi.omnisoft.africa/public/api/v2,https://devapi.omnisoft.africa/public/api/v2,16,https://devapi.omnisoft.africa/public/api/v2,https://www.immoask.com/tg/annonce/5432,https://devapi.omnisoft.africa/public/api/v2
5431,https://devapi.omnisoft.africa/public/api/v2,"2 chambres salon,louer,lome,tokoin , Tokoin, Lome",https://devapi.omnisoft.africa/public/api/v2,Lome,https://devapi.omnisoft.africa/public/api/v2,Tokoin,https://devapi.omnisoft.africa/public/api/v2,0000,https://devapi.omnisoft.africa/public/api/v2,35000,https://devapi.omnisoft.africa/public/api/v2,0,https://devapi.omnisoft.africa/public/api/v2,https://devapi.omnisoft.africa/public/api/v2,80,https://devapi.omnisoft.africa/public/api/v2,https://www.immoask.com/tg/annonce/5431,https://devapi.omnisoft.africa/public/api/v2
5430,https://devapi.omnisoft.africa/public/api/v2,"chambre salon,louer,lome,adidogome atilamonou, Adidogome, Lome",https://devapi.omnisoft.africa/public/api/v2,Lome,https://devapi.omnisoft.africa/public/api/v2,Adidogome,https://devapi.omnisoft.africa/public/api/v2,0000,https://devapi.omnisoft.africa/public/api/v2,45000,https://devapi.omnisoft.africa/public/api/v2,0,https://devapi.omnisoft.africa/public/api/v2,https://devapi.omnisoft.africa/public/api/v2,25,https://devapi.omnisoft.africa/public/api/v2,https://www.immoask.com/tg/annonce/5430,https://devapi.omnisoft.africa/public/api/v2
5429,https://devapi.omnisoft.africa/public/api/v2,"2 chambres salon,louer,lome,adidogome kohe, Adidogome, Lome",https://devapi.omnisoft.africa/public/api/v2,Lome,https://devapi.omnisoft.africa/public/api/v2,Adidogome,https://devapi.omnisoft.africa/public/api/v2,0000,https://devapi.omnisoft.africa/public/api/v2,70000,https://devapi.omnisoft.africa/public/api/v2,0,https://devapi.omnisoft.africa/public/api/v2,https://devapi.omnisoft.africa/public/api/v2,50,https://devapi.omnisoft.africa/public/api/v2,https://www.immoask.com/tg/annonce/5429,https://devapi.omnisoft.africa/public/api/v2
5428,https://devapi.omnisoft.africa/public/api/v2,"3 chambres salon,louer,lome,kegue, Kegue, Lome",https://devapi.omnisoft.africa/public/api/v2,Lome,https://devapi.omnisoft.africa/public/api/v2,Kegue,https://devapi.omnisoft.africa/public/api/v2,0000,https://devapi.omnisoft.africa/public/api/v2,150000,https://devapi.omnisoft.africa/public/api/v2,0,https://devapi.omnisoft.africa/public/api/v2,https://devapi.omnisoft.africa/public/api/v2,80,https://devapi.omnisoft.africa/public/api/v2,https://www.immoask.com/tg/annonce/5428,https://devapi.omnisoft.africa/public/api/v2
5427,https://devapi.omnisoft.africa/public/api/v2,"chambre salon,louer,lome,kegue, Kegue, Lome",https://devapi.omnisoft.africa/public/api/v2,Lome,https://devapi.omnisoft.africa/public/api/v2,Kegue,https://devapi.omnisoft.africa/public/api/v2,0000,https://devapi.omnisoft.africa/public/api/v2,60000,https://devapi.omnisoft.africa/public/api/v2,0,https://devapi.omnisoft.africa/public/api/v2,https://devapi.omnisoft.africa/public/api/v2,20,https://devapi.omnisoft.africa/public/api/v2,https://www.immoask.com/tg/annonce/5427,https://devapi.omnisoft.africa/public/api/v2
5426,https://devapi.omnisoft.africa/public/api/v2,"villa meublée,louer,lome,avenou, Avenou, Lome",https://devapi.omnisoft.africa/public/api/v2,Lome,https://devapi.omnisoft.africa/public/api/v2,Avenou,https://devapi.omnisoft.africa/public/api/v2,0000,https://devapi.omnisoft.africa/public/api/v2,2000000,https://devapi.omnisoft.africa/public/api/v2,0,https://devapi.omnisoft.africa/public/api/v2,https://devapi.omnisoft.africa/public/api/v2,120,https://devapi.omnisoft.africa/public/api/v2,https://www.immoask.com/tg/annonce/5426,https://devapi.omnisoft.africa/public/api/v2
5425,https://devapi.omnisoft.africa/public/api/v2,"villa meublée,louer,lome,avenou, Avenou, Lome",https://devapi.omnisoft.africa/public/api/v2,Lome,https://devapi.omnisoft.africa/public/api/v2,Avenou,https://devapi.omnisoft.africa/public/api/v2,0000,https://devapi.omnisoft.africa/public/api/v2,2000000,https://devapi.omnisoft.africa/public/api/v2,0,https://devapi.omnisoft.africa/public/api/v2,https://devapi.omnisoft.africa/public/api/v2,120,https://devapi.omnisoft.africa/public/api/v2,https://www.immoask.com/tg/annonce/5425,https://devapi.omnisoft.africa/public/api/v2
5424,https://devapi.omnisoft.africa/public/api/v2,"studio meublé,louer,lome,agoe, Agoe, Lome",https://devapi.omnisoft.africa/public/api/v2,Lome,https://devapi.omnisoft.africa/public/api/v2,Agoe,https://devapi.omnisoft.africa/public/api/v2,0000,https://devapi.omnisoft.africa/public/api/v2,150000,https://devapi.omnisoft.africa/public/api/v2,1,https://devapi.omnisoft.africa/public/api/v2,https://devapi.omnisoft.africa/public/api/v2,80,https://devapi.omnisoft.africa/public/api/v2,https://www.immoask.com/tg/annonce/5424,https://devapi.omnisoft.africa/public/api/v2
5423,https://devapi.omnisoft.africa/public/api/v2,"maison,vendre,lome,agoe , Agoe, Lome",https://devapi.omnisoft.africa/public/api/v2,Lome,https://devapi.omnisoft.africa/public/api/v2,Agoe,https://devapi.omnisoft.africa/public/api/v2,0000,https://devapi.omnisoft.africa/public/api/v2,35000000,https://devapi.omnisoft.africa/public/api/v2,3,https://devapi.omnisoft.africa/public/api/v2,https://devapi.omnisoft.africa/public/api/v2,10,https://devapi.omnisoft.africa/public/api/v2,https://www.immoask.com/tg/annonce/5423,https://devapi.omnisoft.africa/public/api/v2
5422,https://devapi.omnisoft.africa/public/api/v2,"appartement meublé,louer,lome,tokoin, Tokoin, Lome",https://devapi.omnisoft.africa/public/api/v2,Lome,https://devapi.omnisoft.africa/public/api/v2,Tokoin,https://devapi.omnisoft.africa/public/api/v2,0000,https://devapi.omnisoft.africa/public/api/v2,450000,https://devapi.omnisoft.africa/public/api/v2,2,https://devapi.omnisoft.africa/public/api/v2,https://devapi.omnisoft.africa/public/api/v2,80,https://devapi.omnisoft.africa/public/api/v2,https://www.immoask.com/tg/annonce/5422,https://devapi.omnisoft.africa/public/api/v2
5421,https://devapi.omnisoft.africa/public/api/v2,"appartement meublé,louer,lome,agbalepedo, Agbalépédo, Lome",https://devapi.omnisoft.africa/public/api/v2,Lome,https://devapi.omnisoft.africa/public/api/v2,Agbalépédo,https://devapi.omnisoft.africa/public/api/v2,0000,https://devapi.omnisoft.africa/public/api/v2,400000,https://devapi.omnisoft.africa/public/api/v2,0,https://devapi.omnisoft.africa/public/api/v2,https://devapi.omnisoft.africa/public/api/v2,25,https://devapi.omnisoft.africa/public/api/v2,https://www.immoask.com/tg/annonce/5421,https://devapi.omnisoft.africa/public/api/v2
5420,https://devapi.omnisoft.africa/public/api/v2,"villa meublée,louer,lome,hedzranawoe , Hédzranawoe, Lome",https://devapi.omnisoft.africa/public/api/v2,Lome,https://devapi.omnisoft.africa/public/api/v2,Hédzranawoe,https://devapi.omnisoft.africa/public/api/v2,0000,https://devapi.omnisoft.africa/public/api/v2,500000,https://devapi.omnisoft.africa/public/api/v2,0,https://devapi.omnisoft.africa/public/api/v2,https://devapi.omnisoft.africa/public/api/v2,300,https://devapi.omnisoft.africa/public/api/v2,https://www.immoask.com/tg/annonce/5420,https://devapi.omnisoft.africa/public/api/v2
5419,https://devapi.omnisoft.africa/public/api/v2,"appartement meublé,louer,lome,adidoadin , Adidoadin , Lome",https://devapi.omnisoft.africa/public/api/v2,Lome,https://devapi.omnisoft.africa/public/api/v2,Adidoadin ,https://devapi.omnisoft.africa/public/api/v2,0000,https://devapi.omnisoft.africa/public/api/v2,500000,https://devapi.omnisoft.africa/public/api/v2,0,https://devapi.omnisoft.africa/public/api/v2,https://devapi.omnisoft.africa/public/api/v2,250,https://devapi.omnisoft.africa/public/api/v2,https://www.immoask.com/tg/annonce/5419,https://devapi.omnisoft.africa/public/api/v2
5418,https://devapi.omnisoft.africa/public/api/v2,"appartement meublé,louer,1,adidoadin , Adidoadin , Lome",https://devapi.omnisoft.africa/public/api/v2,Lome,https://devapi.omnisoft.africa/public/api/v2,Adidoadin ,https://devapi.omnisoft.africa/public/api/v2,0000,https://devapi.omnisoft.africa/public/api/v2,500000,https://devapi.omnisoft.africa/public/api/v2,0,https://devapi.omnisoft.africa/public/api/v2,https://devapi.omnisoft.africa/public/api/v2,250,https://devapi.omnisoft.africa/public/api/v2,https://www.immoask.com/tg/annonce/5418,https://devapi.omnisoft.africa/public/api/v2
5417,https://devapi.omnisoft.africa/public/api/v2,"appartement meublé,louer,lome,agoe , Agoe, Lome",https://devapi.omnisoft.africa/public/api/v2,Lome,https://devapi.omnisoft.africa/public/api/v2,Agoe,https://devapi.omnisoft.africa/public/api/v2,0000,https://devapi.omnisoft.africa/public/api/v2,200000,https://devapi.omnisoft.africa/public/api/v2,0,https://devapi.omnisoft.africa/public/api/v2,https://devapi.omnisoft.africa/public/api/v2,25,https://devapi.omnisoft.africa/public/api/v2,https://www.immoask.com/tg/annonce/5417,https://devapi.omnisoft.africa/public/api/v2
5416,https://devapi.omnisoft.africa/public/api/v2,"appartement meublé,louer,lome,avedji limousine, Adidogome, Lome",https://devapi.omnisoft.africa/public/api/v2,Lome,https://devapi.omnisoft.africa/public/api/v2,Adidogome,https://devapi.omnisoft.africa/public/api/v2,0000,https://devapi.omnisoft.africa/public/api/v2,550000,https://devapi.omnisoft.africa/public/api/v2,0,https://devapi.omnisoft.africa/public/api/v2,https://devapi.omnisoft.africa/public/api/v2,300,https://devapi.omnisoft.africa/public/api/v2,https://www.immoask.com/tg/annonce/5416,https://devapi.omnisoft.africa/public/api/v2
5415,https://devapi.omnisoft.africa/public/api/v2,"appartement meublé,louer,lome,amadahome , Adidogome, Lome",https://devapi.omnisoft.africa/public/api/v2,Lome,https://devapi.omnisoft.africa/public/api/v2,Adidogome,https://devapi.omnisoft.africa/public/api/v2,0000,https://devapi.omnisoft.africa/public/api/v2,350000,https://devapi.omnisoft.africa/public/api/v2,0,https://devapi.omnisoft.africa/public/api/v2,https://devapi.omnisoft.africa/public/api/v2,25,https://devapi.omnisoft.africa/public/api/v2,https://www.immoask.com/tg/annonce/5415,https://devapi.omnisoft.africa/public/api/v2
5414,https://devapi.omnisoft.africa/public/api/v2,"appartement meublé,louer,lome,amandahome , Adidogome, Lome",https://devapi.omnisoft.africa/public/api/v2,Lome,https://devapi.omnisoft.africa/public/api/v2,Adidogome,https://devapi.omnisoft.africa/public/api/v2,0000,https://devapi.omnisoft.africa/public/api/v2,700000,https://devapi.omnisoft.africa/public/api/v2,0,https://devapi.omnisoft.africa/public/api/v2,https://devapi.omnisoft.africa/public/api/v2,300,https://devapi.omnisoft.africa/public/api/v2,https://www.immoask.com/tg/annonce/5414,https://devapi.omnisoft.africa/public/api/v2
5413,https://devapi.omnisoft.africa/public/api/v2,"villa,vendre,lome,agoe , Agoe, Lome",https://devapi.omnisoft.africa/public/api/v2,Lome,https://devapi.omnisoft.africa/public/api/v2,Agoe,https://devapi.omnisoft.africa/public/api/v2,0000,https://devapi.omnisoft.africa/public/api/v2,155000000,https://devapi.omnisoft.africa/public/api/v2,0,https://devapi.omnisoft.africa/public/api/v2,https://devapi.omnisoft.africa/public/api/v2,1200,https://devapi.omnisoft.africa/public/api/v2,https://www.immoask.com/tg/annonce/5413,https://devapi.omnisoft.africa/public/api/v2
5412,https://devapi.omnisoft.africa/public/api/v2,"villa,vendre,lome,adidogome akato , Adidogome, Lome",https://devapi.omnisoft.africa/public/api/v2,Lome,https://devapi.omnisoft.africa/public/api/v2,Adidogome,https://devapi.omnisoft.africa/public/api/v2,0000,https://devapi.omnisoft.africa/public/api/v2,65000000,https://devapi.omnisoft.africa/public/api/v2,0,https://devapi.omnisoft.africa/public/api/v2,https://devapi.omnisoft.africa/public/api/v2,300,https://devapi.omnisoft.africa/public/api/v2,https://www.immoask.com/tg/annonce/5412,https://devapi.omnisoft.africa/public/api/v2
5411,https://devapi.omnisoft.africa/public/api/v2,"studio meublé,louer,lome,agoe , Agoe, Lome",https://devapi.omnisoft.africa/public/api/v2,Lome,https://devapi.omnisoft.africa/public/api/v2,Agoe,https://devapi.omnisoft.africa/public/api/v2,0000,https://devapi.omnisoft.africa/public/api/v2,170000,https://devapi.omnisoft.africa/public/api/v2,0,https://devapi.omnisoft.africa/public/api/v2,https://devapi.omnisoft.africa/public/api/v2,16,https://devapi.omnisoft.africa/public/api/v2,https://www.immoask.com/tg/annonce/5411,https://devapi.omnisoft.africa/public/api/v2
5410,https://devapi.omnisoft.africa/public/api/v2,"maison,vendre,lome,tokoin hopital, Tokoin, Lome",https://devapi.omnisoft.africa/public/api/v2,Lome,https://devapi.omnisoft.africa/public/api/v2,Tokoin,https://devapi.omnisoft.africa/public/api/v2,0000,https://devapi.omnisoft.africa/public/api/v2,70000000,https://devapi.omnisoft.africa/public/api/v2,0,https://devapi.omnisoft.africa/public/api/v2,https://devapi.omnisoft.africa/public/api/v2,392,https://devapi.omnisoft.africa/public/api/v2,https://www.immoask.com/tg/annonce/5410,https://devapi.omnisoft.africa/public/api/v2
5409,https://devapi.omnisoft.africa/public/api/v2,"studio meublé,louer,lome,avedji , Avedji, Lome",https://devapi.omnisoft.africa/public/api/v2,Lome,https://devapi.omnisoft.africa/public/api/v2,Avedji,https://devapi.omnisoft.africa/public/api/v2,0000,https://devapi.omnisoft.africa/public/api/v2,200000,https://devapi.omnisoft.africa/public/api/v2,0,https://devapi.omnisoft.africa/public/api/v2,https://devapi.omnisoft.africa/public/api/v2,20,https://devapi.omnisoft.africa/public/api/v2,https://www.immoask.com/tg/annonce/5409,https://devapi.omnisoft.africa/public/api/v2
5408,https://devapi.omnisoft.africa/public/api/v2,"terrain,vendre,kpalime,avetonou, Avetonou, Kpalime",https://devapi.omnisoft.africa/public/api/v2,Kpalime,https://devapi.omnisoft.africa/public/api/v2,Avetonou,https://devapi.omnisoft.africa/public/api/v2,0000,https://devapi.omnisoft.africa/public/api/v2,550000,https://devapi.omnisoft.africa/public/api/v2,0,https://devapi.omnisoft.africa/public/api/v2,https://devapi.omnisoft.africa/public/api/v2,10000,https://devapi.omnisoft.africa/public/api/v2,https://www.immoask.com/tg/annonce/5408,https://devapi.omnisoft.africa/public/api/v2
5407,https://devapi.omnisoft.africa/public/api/v2,"terrain,vendre,kpalime,avetonou, Avetonou, Kpalime",https://devapi.omnisoft.africa/public/api/v2,Kpalime,https://devapi.omnisoft.africa/public/api/v2,Avetonou,https://devapi.omnisoft.africa/public/api/v2,0000,https://devapi.omnisoft.africa/public/api/v2,550000,https://devapi.omnisoft.africa/public/api/v2,0,https://devapi.omnisoft.africa/public/api/v2,https://devapi.omnisoft.africa/public/api/v2,10000,https://devapi.omnisoft.africa/public/api/v2,https://www.immoask.com/tg/annonce/5407,https://devapi.omnisoft.africa/public/api/v2